<?xml version="1.0" encoding="UTF-8"?>
<mostlyText>
	<title useParent="title" />
	<text>
		<h2>Dr Michel FURIA</h2><!---->
		<img src="images/avatarm.jpg" />
		<p>Ancien Interne des Hôpitaux de Paris
<br/>
Ancien Chef de Clinique à la Faculté de Médecine de Paris
<br/>
Expert près la Cour d’Appel de Paris
<br/>
Responsable du Département d'Ophtalmologie
<br/>
Chirurgie Ophtalmologique
</p>
<br/><h2>Pr Henri MONDON</h2>
<p><img src="images/avatarm.jpg" />
Quisque vitae leo accumsan enim ullamcorper venenatis. Aenean mi. Mauris aliquam lorem eu ligula. Maecenas aliquam, felis nec commodo fringilla, eros tellus condimentum sem, sed bibendum augue felis ut purus. Fusce fermentum, quam eget vehicula faucibus, justo ipsum ullamcorper lectus, quis mattis enim quam eu risus. 
</p>
<br/><h2>Dr Jean-Yves AYACHE</h2>
<img src="images/avatarm.jpg" /><p>
Nam mi. Aliquam ullamcorper accumsan odio. Nulla facilisi. Maecenas blandit sodales lacus. Nullam bibendum massa et diam. Maecenas odio metus, porttitor ut, consequat ac, mattis at, tellus. Etiam blandit pulvinar mauris. Aliquam erat volutpat. 
 Praesent venenatis erat a elit. Aliquam et dui. Nulla velit nisl, placerat eget, porta eget, faucibus at, erat. Nunc ullamcorper consequat nibh. Proin mollis orci sed tortor. Donec dui lectus, eleifend ut, porttitor eu, tempor quis, quam. Mauris pulvinar ligula sed sapien. Vestibulum sit amet ipsum sed sapien interdum consequat. Maecenas accumsan. Suspendisse potenti. Ut sem.
</p>
<br/><h2>Dr Anne JULIEN</h2>
<img src="images/avatarf.jpg" /><p>
In hac habitasse platea dictumst. Nulla tortor. Fusce suscipit nibh vitae diam mollis convallis. Sed vel nisi elementum nibh tempus fringilla. Praesent venenatis erat a elit. Aliquam et dui. Nulla velit nisl, placerat eget, porta eget, faucibus at, erat. Integer non turpis nec orci posuere vehicula. Integer ultricies, orci id accumsan aliquam, justo massa feugiat mi, a feugiat mi ante eget nunc.
 Quisque vitae leo accumsan enim ullamcorper venenatis. Aenean mi. Mauris aliquam lorem eu ligula. Maecenas aliquam, felis nec commodo fringilla, eros tellus condimentum sem, sed bibendum augue felis ut purus. Fusce fermentum, quam eget vehicula faucibus, justo ipsum ullamcorper lectus, quis mattis enim quam eu risus. 
</p>
<br/><h2>Dr Patrick THERY</h2>
<img src="images/avatarm.jpg" /><p>
Maecenas accumsan. Suspendisse potenti. Ut sem. Quisque in arcu vel purus varius rutrum. Quisque orci erat, iaculis ornare, elementum egestas, facilisis non, lacus. Phasellus nec dolor. Integer non turpis nec orci posuere vehicula. Integer ultricies, orci id accumsan aliquam, justo massa feugiat mi, a feugiat mi ante eget nunc.
</p>
<br/><h2>Dr Alain TAUVENT</h2>
<img src="images/avatarm.jpg" /><p>
Praesent venenatis erat a elit. Aliquam et dui. Nulla velit nisl, placerat eget, porta eget, faucibus at, erat. Nunc ullamcorper consequat nibh. Proin mollis orci sed tortor. Donec dui lectus, eleifend ut, porttitor eu, tempor quis, quam. Mauris pulvinar ligula sed sapien. Vestibulum sit amet ipsum sed sapien interdum consequat. Maecenas accumsan. Suspendisse potenti. Ut sem.
Nam mi. Aliquam ullamcorper accumsan odio. Nulla facilisi. Maecenas blandit sodales lacus. Nullam bibendum massa et diam. Maecenas odio metus, porttitor ut, consequat ac, mattis at, tellus. Etiam blandit pulvinar mauris. Aliquam erat volutpat. 
</p>
	<br/><h2>Dr Edwige LOISEAU</h2>
<img src="images/avatarf.jpg" /><p>
Praesent venenatis erat a elit. Aliquam et dui. Nulla velit nisl, placerat eget, porta eget, faucibus at, erat. Nunc ullamcorper consequat nibh. Proin mollis orci sed tortor. Donec dui lectus, eleifend ut, porttitor eu, tempor quis, quam. Mauris pulvinar ligula sed sapien. Vestibulum sit amet ipsum sed sapien interdum consequat. Maecenas accumsan. Suspendisse potenti. Ut sem.
Nam mi. Aliquam ullamcorper accumsan odio. Nulla facilisi. Maecenas blandit sodales lacus. Nullam bibendum massa et diam. Maecenas odio metus, porttitor ut, consequat ac, mattis at, tellus. Etiam blandit pulvinar mauris. Aliquam erat volutpat. 
</p>
<br/><h2>Dr Alice SERINGULIAN</h2>
<img src="images/avatarf.jpg" /><p>
Praesent venenatis erat a elit. Aliquam et dui. Nulla velit nisl, placerat eget, porta eget, faucibus at, erat. Nunc ullamcorper consequat nibh. Proin mollis orci sed tortor. Donec dui lectus, eleifend ut, porttitor eu, tempor quis, quam. Mauris pulvinar ligula sed sapien. Vestibulum sit amet ipsum sed sapien interdum consequat. Maecenas accumsan. Suspendisse potenti. Ut sem.
Nam mi. Aliquam ullamcorper accumsan odio. Nulla facilisi. Maecenas blandit sodales lacus. Nullam bibendum massa et diam. Maecenas odio metus, porttitor ut, consequat ac, mattis at, tellus. Etiam blandit pulvinar mauris. Aliquam erat volutpat. 
</p>
<br/><h2>Dr Michäela DONA</h2>
<img src="images/avatarf.jpg" /><p>
Praesent venenatis erat a elit. Aliquam et dui. Nulla velit nisl, placerat eget, porta eget, faucibus at, erat. Nunc ullamcorper consequat nibh. Proin mollis orci sed tortor. Donec dui lectus, eleifend ut, porttitor eu, tempor quis, quam. Mauris pulvinar ligula sed sapien. Vestibulum sit amet ipsum sed sapien interdum consequat. Maecenas accumsan. Suspendisse potenti. Ut sem.
Nam mi. Aliquam ullamcorper accumsan odio. Nulla facilisi. Maecenas blandit sodales lacus. Nullam bibendum massa et diam. Maecenas odio metus, porttitor ut, consequat ac, mattis at, tellus. Etiam blandit pulvinar mauris. Aliquam erat volutpat. 
</p>
<br/><h2>Mlle Arlette COHEN</h2>
<img src="images/avatarf.jpg" /><p>
Praesent venenatis erat a elit. Aliquam et dui. Nulla velit nisl, placerat eget, porta eget, faucibus at, erat. Nunc ullamcorper consequat nibh. Proin mollis orci sed tortor. Donec dui lectus, eleifend ut, porttitor eu, tempor quis, quam. Mauris pulvinar ligula sed sapien. Vestibulum sit amet ipsum sed sapien interdum consequat. Maecenas accumsan. Suspendisse potenti. Ut sem.
Nam mi. Aliquam ullamcorper accumsan odio. Nulla facilisi. Maecenas blandit sodales lacus. Nullam bibendum massa et diam. Maecenas odio metus, porttitor ut, consequat ac, mattis at, tellus. Etiam blandit pulvinar mauris. Aliquam erat volutpat. 
</p>
<br/><h2>Mlle Audrey REDON</h2>
<img src="images/avatarf.jpg" /><p>
Praesent venenatis erat a elit. Aliquam et dui. Nulla velit nisl, placerat eget, porta eget, faucibus at, erat. Nunc ullamcorper consequat nibh. Proin mollis orci sed tortor. Donec dui lectus, eleifend ut, porttitor eu, tempor quis, quam. Mauris pulvinar ligula sed sapien. Vestibulum sit amet ipsum sed sapien interdum consequat. Maecenas accumsan. Suspendisse potenti. Ut sem.
Nam mi. Aliquam ullamcorper accumsan odio. Nulla facilisi. Maecenas blandit sodales lacus. Nullam bibendum massa et diam. Maecenas odio metus, porttitor ut, consequat ac, mattis at, tellus. Etiam blandit pulvinar mauris. Aliquam erat volutpat. 
</p>
<br/><h2>Mme Elisabeth SELLIER</h2>
<img src="images/avatarf.jpg" /><p>
Praesent venenatis erat a elit. Aliquam et dui. Nulla velit nisl, placerat eget, porta eget, faucibus at, erat. Nunc ullamcorper consequat nibh. Proin mollis orci sed tortor. Donec dui lectus, eleifend ut, porttitor eu, tempor quis, quam. Mauris pulvinar ligula sed sapien. Vestibulum sit amet ipsum sed sapien interdum consequat. Maecenas accumsan. Suspendisse potenti. Ut sem.
Nam mi. Aliquam ullamcorper accumsan odio. Nulla facilisi. Maecenas blandit sodales lacus. Nullam bibendum massa et diam. Maecenas odio metus, porttitor ut, consequat ac, mattis at, tellus. Etiam blandit pulvinar mauris. Aliquam erat volutpat. 
</p>
<br/><h2>Mme Sylvie LAIR</h2>
<img src="images/avatarf.jpg" /><p>
Praesent venenatis erat a elit. Aliquam et dui. Nulla velit nisl, placerat eget, porta eget, faucibus at, erat. Nunc ullamcorper consequat nibh. Proin mollis orci sed tortor. Donec dui lectus, eleifend ut, porttitor eu, tempor quis, quam. Mauris pulvinar ligula sed sapien. Vestibulum sit amet ipsum sed sapien interdum consequat. Maecenas accumsan. Suspendisse potenti. Ut sem.
Nam mi. Aliquam ullamcorper accumsan odio. Nulla facilisi. Maecenas blandit sodales lacus. Nullam bibendum massa et diam. Maecenas odio metus, porttitor ut, consequat ac, mattis at, tellus. Etiam blandit pulvinar mauris. Aliquam erat volutpat. 
</p>
<br/><h2>Mme Anne SAUVAGE</h2>
<img src="images/avatarf.jpg" /><p>
Praesent venenatis erat a elit. Aliquam et dui. Nulla velit nisl, placerat eget, porta eget, faucibus at, erat. Nunc ullamcorper consequat nibh. Proin mollis orci sed tortor. Donec dui lectus, eleifend ut, porttitor eu, tempor quis, quam. Mauris pulvinar ligula sed sapien. Vestibulum sit amet ipsum sed sapien interdum consequat. Maecenas accumsan. Suspendisse potenti. Ut sem.
Nam mi. Aliquam ullamcorper accumsan odio. Nulla facilisi. Maecenas blandit sodales lacus. Nullam bibendum massa et diam. Maecenas odio metus, porttitor ut, consequat ac, mattis at, tellus. Etiam blandit pulvinar mauris. Aliquam erat volutpat. 
</p>
<br/><h2>Mme Chantal TRANCHOT</h2>
<img src="images/avatarf.jpg" /><p>
Praesent venenatis erat a elit. Aliquam et dui. Nulla velit nisl, placerat eget, porta eget, faucibus at, erat. Nunc ullamcorper consequat nibh. Proin mollis orci sed tortor. Donec dui lectus, eleifend ut, porttitor eu, tempor quis, quam. Mauris pulvinar ligula sed sapien. Vestibulum sit amet ipsum sed sapien interdum consequat. Maecenas accumsan. Suspendisse potenti. Ut sem.
Nam mi. Aliquam ullamcorper accumsan odio. Nulla facilisi. Maecenas blandit sodales lacus. Nullam bibendum massa et diam. Maecenas odio metus, porttitor ut, consequat ac, mattis at, tellus. Etiam blandit pulvinar mauris. Aliquam erat volutpat. 
</p>
<br/><h2>Mlle Séverine HECQUET</h2>
<img src="images/avatarf.jpg" /><p>
Praesent venenatis erat a elit. Aliquam et dui. Nulla velit nisl, placerat eget, porta eget, faucibus at, erat. Nunc ullamcorper consequat nibh. Proin mollis orci sed tortor. Donec dui lectus, eleifend ut, porttitor eu, tempor quis, quam. Mauris pulvinar ligula sed sapien. Vestibulum sit amet ipsum sed sapien interdum consequat. Maecenas accumsan. Suspendisse potenti. Ut sem.
Nam mi. Aliquam ullamcorper accumsan odio. Nulla facilisi. Maecenas blandit sodales lacus. Nullam bibendum massa et diam. Maecenas odio metus, porttitor ut, consequat ac, mattis at, tellus. Etiam blandit pulvinar mauris. Aliquam erat volutpat. 
</p>
</text>
	<toc enabled="1" halign="right" valign="top" width="200" margin="20" tag="h2" marker="~~" heading="Our Team" headspace="3" padding="6" />
</mostlyText>