<?xml version="1.0" encoding="UTF-8"?>
<mostlyText>
	<title useParent="title" />
	<text>
		<p><strong>Text6.xml</strong></p><br/><!---->
		<p>
Proin aliquam erat sed turpis. Quisque libero felis, molestie at, dignissim non, facilisis sit amet, orci. Aenean nec purus a elit lacinia faucibus. Nullam cursus facilisis tellus. Fusce at quam a nisi dapibus tincidunt. Aenean ac dolor ac mi accumsan fermentum. Fusce sit amet turpis eu sem iaculis adipiscing. Donec non lorem vel quam consectetur volutpat. Duis ultrices congue justo. Pellentesque enim. Nulla pharetra mi vitae sapien.
</p><br/>
<p>
Pellentesque dolor tellus, suscipit in, lacinia vitae, hendrerit sit amet, elit. Maecenas malesuada, mauris et bibendum ultrices, enim nisl blandit mi, id rhoncus neque magna nec odio. Phasellus augue mauris, eleifend ac, euismod id, eleifend non, lectus. In in lectus. Sed condimentum, felis non commodo pretium, dui lorem accumsan libero, eu ornare sem metus sit amet leo. Mauris ac nulla. Fusce aliquam tortor placerat eros. Aliquam scelerisque massa eleifend quam. Duis pellentesque gravida tellus. Sed posuere risus eu sapien. Phasellus non mi in sem ultricies commodo. Nam neque nisi, molestie non, dictum nec, sodales non, felis. Curabitur ligula nisi, pharetra at, semper eget, rutrum a, urna. Suspendisse potenti. In placerat pulvinar urna. Sed dolor. Fusce a nulla. Mauris malesuada, dolor sed tempor pulvinar, tortor quam lobortis augue, egestas tristique quam nunc eget quam. Fusce ligula lacus, euismod et, sagittis nec, bibendum vitae, lacus. Lorem ipsum dolor sit amet, consectetur adipiscing elit.
</p><br/>
<p>
Quisque rhoncus consectetur dui. Vivamus scelerisque dictum nisi. Suspendisse potenti. Donec fermentum varius nibh. Phasellus cursus posuere sem. Sed elit felis, laoreet sed, aliquet a, gravida hendrerit, purus. Donec quis quam in lorem cursus tempor. Duis condimentum. Cras aliquet fringilla tortor. Vestibulum sit amet ante vel massa bibendum dignissim. Cras nibh diam, convallis nec, vulputate ac, auctor non, sem. Cras ultrices imperdiet arcu. Quisque mauris lorem, malesuada vel, sagittis eget, sodales eu, libero. Nam id turpis. Duis sed purus non sem viverra viverra. Donec metus augue, euismod sit amet, suscipit at, porta ut, elit.
</p>
	</text>
</mostlyText>