<?xml version="1.0" encoding="UTF-8"?>
<mostlyText>
	<title>Explorations Fonctionnelles et Anatomiques Spécialisées</title>
	<text>
	<p>
<b>Aberrométrie oculaire</b>
 <br/>
Principe:
<br/>
En envoyant des rayons laser à travers l'oeil et en analysant leur déviation on qualifie et quantifie les aberrations optiques.
<br/><br/>
Classement des différentes aberrations optiques:
<br/>
1. Aberrations optiques de bas degré:  LOA (Low Order Aberrations)
<br/>
    Myopie
  <br/>
    Hypermétropie
  <br/>
    Astigmatisme
<br/><br/>
2. Aberrations optiques de haur degré: HOA (High Order Aberrations)
<br/>
    Tilt
  <br/> 
   Coma
   <br/>
    Trefoil
  <br/>
    Tretrafoil,...
<br/><br/>
<b>Angiographie rétinienne numérisée à la fluorescéine</b>
<br/>
Cet examen comporte une injection intra–veineuse de fluorescéine suivie de photographies du fond d’œil pour évaluer le remplissage par ce même colorant des artères, des veines et des tissus intra-oculaires. La perméabilité des vaisseaux est étudiée. Les principales indications sont le diabète, la dégénérescence maculaire, les inflammations, les baisses de vision dans lesquelles on doit savoir s’il existe des fuites ou des accumulations anormales de colorant
<br/><br/>
<b>Angiographie rétinienne numérisée au vert d\'indocyanine ( ICG )</b>
<br/>
Il est basée sur le même principe mais ce colorant est plus spécifique de la choroide et permet de dépister l’existence d’une néovascularisation.Cette angiographie est particulièrement indiquée dans la dégénérescence maculaire.
<br/><br/>
<b>Bilans orthoptiques(orthoptie)</b>
<br/>
<br/><br/>
<b>Champ visuel automatisé</b>
<br/>
C'est un examen qui permet d’analyser le champ de vision central ,para-central et périphérique avec un appareil qui allume des spots qu’il faut voir. Ce test est particulièrement indiqué dans le diagnostic et la surveillance du glaucome.Il est également utile dans tous les processus, neurologiques ou oculaires qui peuvent altérer le champ de vision.
<br/><br/>
Echobiométrie-calcul d'implants
<br/>
<br/><br/>
<b>Echographie bidimensionnelle</b>
<br/>
C'est une échographie en deux plans qui permet de visualiser les anomalies des structures oculaires.
<br/><br/>
<b>Microscopie spéculaire</b>
<br/>
<br/><br/>
<b>OCT de rétine et nerf optique (Optical Coherence Tomography)</b>
<br/>
<br/><br/>
<b>OCT de segment antérieur (cornée, iris, angle)</b>
<br/>
<br/><br/>
<b>ORA (Ocular Response Analyser)</b>
<br/>
<br/><br/>
<b>Pachymétrie optique à balayage</b>
<br/>
<br/><br/>
<b>Analyse cornéenne par camera Scheimpflug (Pentacam)</b>
<br/>
<br/><br/>
<b>Détection de kératocône</b>
<br/>
<br/><br/>
<b>Densitométrie du cristallin</b>
<br/>
<br/><br/>
<b>Photographie numérique du segment antérieur et des paupières</b>
<br/>
<br/><br/>
<b>Rétinophotographies numériques</b>
<br/>
Ce sont les photos de la rétine et du nerf optique.
<br/><br/>
<b>Sensibilité au contraste</b>
<br/>
<br/><br/>
<b>Tonométrie sans contact</b>
<br/>
<br/><br/>
<b>Topographie cornéenne</b>
<br/>
C’est l’analyse de la surface oculaire avec une représentation qui permet d’analyser les astigmatismes.
</p></text>
	
</mostlyText>