﻿<?xml version="1.0" encoding="UTF-8"?>
<mostlyText>
	<title >Laser Excimer</title>
	<text>
<p>
La photoablation consiste à enlever du tissu pour sculpter la cornée en fonction de paramètres programmés. les différentes programmations vont permettre de corriger les amétropies. Le laser utilisé est le Laser Excimer dont la radiation 193 nanomètres enlève du tissu pratiquement sans effet thermique.
<br/><br/>


<b>Indications :</b>
<br/>
1-Myopie 
<br/>
2-Hypermétropie 
<br/>
3-Astigmatisme 
<br/>
4-Myopie et astigmatisme combinés 
<br/>
5-Hypermétropie et astigmatisme combinés
<br/>
6-Presbylasik   
<br/><br/>
<b>Laser :</b>
<img src="images/Wavelight.jpg" hspace="4" vspace="4" align="center" />
<br/><br/><br/><br/><br/><br/><br/><br/><br/><br/><br/><br/><br/><br/><br/><br/>

La photosection est la découpe tissulaire fait avec le laser femtoseconde qui permet de réaliser des incisions cornéennes, des volets cornéens,...
</p>

<img src=""  hspace="0" vspace="8" />
		<br/>
	</text>
</mostlyText>