<?xml version="1.0" encoding="UTF-8"?>
<mostlyText>
	<title >Chirurgie de l'oeil</title>
	<text>
<p>
<b><a href="asfunction:asfRelay,showPopup,data/oeil_inter.xml">Liste des interventions chirurgicales ophtalmologiques pratiquées:</a></b>
<br/><br/>
<h2>Cataracte</h2>
<br/>
<b>Quand opérer la cataracte ?</b>
<br/>
 - lorsque la vision baisse,
<br/>- lorsque l’acuité visuelle et/ou la sensibilité au contraste diminuent,
<br/>- s’il y a  une difficulté à la vision de loin ou  à la lecture,
<br/>- lorsqu’il existe une gêne liée à la diffraction de la lumière,
<br/>- avant l’arrêt des activités qui nécessitent un certain niveau de vision (conduite automobile, sport, loisirs…)

<br/><br/>
<b>Qui vous opère ?</b>
<br/>
C’est le Chirurgien que vous avez vu en consultation.
 <br/><br/>
  <b> Technique:</b>
 <br/>    <h4>- Sans suture:</h4> Les incisions sont faites en zone cornéenne périphérique. Elles sont autoétanches et n'ont pas besoin de fil de suture.Il n'y a donc plus de fils à enlever et moins d'astigmatisme lié au serrage des sutures. 
 <br/>
L'étanchéité est contrôlée à la fin de l'intervention. Dans certains cas des sutures seront nécessaires, si le tissu cornéen a été altéré en particulier par une pathologie antérieure (trachome, ..)
<br/>  <br/> 
<h4>- Technique topique:</h4> L'anesthésie topique est une anesthésie de surface obtenue par instillation de collyre anesthésiant.
<br/> 
La cornée et la conjonctive sont anesthésiées.
<br/>
Les incisions sont faites en zone cornéenne.
<br/>
Il n'y a pas d'injection dans l'orbite, pas d'augmentation de la pression orbitaire, pas de risque d'hématome, pas de risque de paralysie musculaire, pas d'anesthésie des paupières, donc pas de nécessité de pansement après l'intervention.
<br/>
C'est la méthode qui permet de sortir sans pansement.
<br/><br/>
<p>
<b>Séquences de l'intervention de cataracte:</b> 
<br/>
Incision périphérique
<img src="images/inscision.jpg" hspace="4" vspace="4" align="center" />
<br/><br/><br/><br/><br/><br/><br/><br/><br/>

Injection de produit visco-élastique dans la chambre antérieure
<img src="images/injection.jpg" hspace="4" vspace="4" align="center" />
<br/><br/><br/><br/><br/><br/><br/><br/><br/>

Découpe de la capsule antérieure: rhexis
<img src="images/decoupe.jpg" hspace="4" vspace="4" align="center" />
<br/><br/><br/><br/><br/><br/><br/><br/><br/>

Hydrodissection
<img src="images/dissection.jpg" hspace="4" vspace="4" align="center" />
<br/><br/><br/><br/><br/><br/><br/><br/><br/>

Phacoémulsification: destruction et aspiration du noyau cristallinien avec sonde à ultrasons
<img src="images/aspiration.jpg" hspace="4" vspace="4" align="center" />
<br/><br/><br/><br/><br/><br/><br/><br/><br/>

Injection de l'implant  pliable dans le sac cristallinien<img src="images/poseimplant.jpg" hspace="4" vspace="4" align="center" />
<br/><br/><br/><br/><br/><br/><br/><br/><br/>

Implant en place<img src="images/implante.jpg" hspace="4" vspace="4" align="center" />
<br/><br/><br/><br/><br/><br/><br/><br/>
</p>
<p>
 <h4>- Implants</h4>
Position de l'implant cristallinien dans le sac capsulaire:
<img src="images/oeilimplant.jpg" hspace="4" vspace="4" align="center" />
<br/><br/><br/><br/><br/><br/><br/><br/><br/><br/><br/><br/><br/><br/><br/><br/>
Les implants ont une partie centrale ( optique ) et un système de maintien (l'haptique) .
<br/>
Exemple d'implant 
<img src="images/lacrilisa.jpg" hspace="4" vspace="4" align="center" />
<br/><br/><br/><br/><br/><br/><br/><br/><br/><br/><br/><br/><br/><br/><br/>
Implantation en chambre antérieure:
<img src="images/oeilimplantCA.jpg" hspace="4" vspace="4" align="center" />
<br/><br/><br/><br/><br/><br/><br/><br/><br/><br/><br/><br/><br/><br/><br/><br/>
</p>   
 <h4>- Chirurgie phaco-réfractive/Presbytie</h4>
<h2>Autres chirurgies du cristallin </h2>
<br/>     - Myopie forte (cristallin clair)
<br/>la myopie peut être de -0,25 dioptrie à -50.
<br/>Le myopie forte va de -10 à -50
<br/><br/>
Plus le dégré de la myopie est  élévé , plus on observe des modifications anatomiques ( allongement pus important du globe avec des conséquences sur les structures internes de l'oeil (choroide, rétine , vitré)  qui sont étirées et déformées et une baisse de la vision.
<br/><br/>
Au delà d'un certain degré de myopie on ne peut plus utiliser le laser excimer qui consomme de l'épaisseur cornéenne. 
<br/><br/>
On peut changer le cristallin et dans ce cas il n'y a pas de limite de puissance puisqu'on peut choisir la puissance d'implant .
<br/>
 <br/>    - Implants réfractifs
  <br/>  Ce sont des implants mis en place pour compenser les fortes anomalies réfractives.on peut utiliser des implant de chambre antérieure ( clippés à l’iris , à appui angulaire) de chambre postérieure (entre l’iris et le cristallin) .
 <img src="images/implant1.jpg" hspace="4" vspace="4" align="center" />
<br/><br/><br/><br/><br/><br/><br/><br/><br/><br/><br/><br/><br/><br/><br/><br/>
Dans d'autres cas on préferera enlever le cristallin clair et implanter dans le sac un implant multifocal qui permettra d'avoir une vision de près et de loin.
<br/> 
<br/>  - Luxation/ectopie du cristallin
<br/><br/>

<h2>Chirurgie réfractive par laser Excimer</h2>
<br/>      - Myopie
<br/>      - Hypermétropie
 <br/>     - Astigmastisme
 <br/>     - Presbytie 
 <br/>     - Presbytie par  chirurgie cornéenne
 <br/><br/>     
   <b>  Techniques:</b>
  <br/>     -  Lasik 
   <br/>    -  PKR 
   <br/>    -  Epilasik
   <br/>    -  Lasek 
<br/><br/>
<h2>Cornée</h2>
 <br/>       <h4> - Chirurgie réfractive </h4>
 La chirurgie réfractive est la chirurgie qui permet, en corrigeant les anomalies réfractives, de ne plus porter de lunettes. Elle consiste à modifier l’œil pour compenser la myopie, l’hypermétropie et l’astigmatisme.<br/>
Elle est soit ciblée sur la cornée avec le laser Excimer, soit elle est fait en opérant le cristallin ou en plaçant un implant réfractif: phacoréfractive.
<br/>
<br/> 
 <h4> - Greffes de cornée </h4>
La greffe de cornée est le changement d’une partie de la cornée. On remplace la partie centrale irrégulière ou opaque par celle d’un donneur.
<br/><br/>
Oedème de cornée (Syndrome de Fuchs)
<img src="images/cornee1.jpg" hspace="4" vspace="4" align="center" />
<br/><br/><br/><br/><br/><br/><br/><br/><br/><br/><br/><br/><br/>
Greffes transfixiantes :
<br/>
remplacement de toute l'épaisseur de la cornée sur la zone centrale
<img src="images/cornee2.jpg" hspace="4" vspace="4" align="center" />
<br/><br/><br/><br/><br/><br/><br/><br/><br/><br/><br/><br/>
Aspect post-opératoire immédiat
<img src="images/cornee3.jpg" hspace="4" vspace="4" align="center" />
<br/><br/><br/><br/><br/><br/><br/><br/><br/><br/><br/><br/><br/>
Aspect après quelques mois
<img src="images/cornee4.jpg" hspace="4" vspace="4" align="center" />
<br/><br/><br/><br/><br/><br/><br/><br/><br/><br/><br/><br/><br/>
Greffes lamellaires :
<br/>
Le greffe peut concerner la partie antérieure : il s’agit alors d’une greffe lamellaire antérieure, indiquée dans les opacités antérieures.On suture ce greffon à la surface de la cornée après avoir enlevé la partie opaque ou irrégulière avec un kératome.
<img src="images/cornee5.jpg" hspace="4" vspace="4" align="center" />
<br/><br/><br/><br/><br/><br/><br/><br/><br/><br/><br/><br/>
La greffe peut concerner la partie postérieure : il s’agit alors d’une greffe lamellaire postérieure, indiquée dans les altérations endothéliales.dans ce cas on insère le greffon dans la chambre antérieure et on enlève la partie antéreiure (DSAEK) ou on récupère l'endothélio-descemet (greffe d'endothélium).
<img src="images/cornee6.jpg" hspace="4" vspace="4" align="center" />
<br/><br/><br/><br/><br/><br/><br/><br/><br/><br/><br/><br/>
Une chambre antérieure artificielle est nécessaire pour préparer le greffon lamellaire.
<img src="images/cornee7.jpg" hspace="4" vspace="4" align="center" />
<br/><br/><br/><br/><br/><br/><br/><br/><br/><br/><br/><br/><br/><br/>
Préparation de la lamelle de cornée à greffer : mise  du greffon sur la chambre artificielle, découpe au kératome
<img src="images/cornee8.jpg" hspace="4" vspace="4" align="center" />
<br/><br/><br/><br/><br/><br/><br/><br/><br/><br/>
Avant et Après intervention
<img src="images/cornee10.jpg" hspace="4" vspace="4" align="center" />
<br/><br/><br/><br/><br/><br/><br/><br/><br/><br/>
 Vue de profil: greffon postérieur plaqué sur la face postérieure de la cornée réceptrice 
<img src="images/cornee11.jpg" hspace="4" vspace="4" align="center" />
<br/><br/><br/><br/><br/><br/><br/><br/><br/><br/><br/><br/><br/><br/><br/><br/><br/><br/><br/><br/><br/>
 
  - Photokératectomie thérapeutique
  <br/> <br/>     - Cross linking aux U.V
<br/><br/>
<h2>Rétine et vitré</h2>
<br/>        - Décollement de rétine
<br/>        - DMLA
 <br/>       - Rétinopathie diabètique
   <br/>     - Membranes pré-rétiniennes 
 <br/>       - Membranes rétro-rétiniennes 
<br/>        - Occlusion veineuse rétinienne 
<br/><br/>
      <b>  Techniques:</b>
<br/>        - Vitrectomie 
 <br/>       - Endophotocoagulation au laser 
 <br/>       - Dissection de membranes 
 <br/>       - Injections médicamenteuses 
<br/><br/>
<h2>Glaucome</h2>
 <br/>          Techniques
    <br/>   - Laser et chirurgie

<br/><br/>
<h2>Iris</h2>
<br/>       - Iridectomie
 <br/>      - Iridotomie
 <br/>      - Plastie de l'iris
 <br/>     - Anomalies de l'iris
 <br/><br/>    
 
<b>Chirurgie des paupières et des voies lacrymales</b>

<br/><br/>
<b>Paupières et voies lacrymales </b>
 <br/>         - Blépharoplastie 
 <br/>         - Dacryocystorhinostomie au laser 

<br/><br/>
<b>Chirurgie du strabisme</b>
<br/><br/>
<b>Chirurgie des muscles oculo-moteurs</b>

 <br/>    - Strabisme 
<br/><br/>


</p>
<br/>
</text>
<toc enabled="1" halign="left" valign="top" width="140" margin="20" tag="h2" marker="~~" heading="Mots clés" headspace="3" padding="6" />
</mostlyText>