<?xml version="1.0" encoding="UTF-8"?>
<indexModule>
	<title useParent="longtitle" ></title>
	<grid cols="4" rows="4" gutter="16">
		<thumbnail cols="2" rows="3" x="0" y="0" ><text><p>La Clinique comprend trois secteurs:
<br/>1. un secteur de consultation, 
<br/>2. un secteur dédié aux explorations fonctionnelles, 
<br/>3. et un secteur chirurgical.
<br/><br/>
<p>Langues parlées:</p> Français, Anglais, Italien, Espagnol. Des traducteurs et accompagnants sont également disponibles sur demande en particulier pour la langue arabe.</p></text></thumbnail>
		<thumbnail id="sunset" cols="1" rows="2" x="2" y="0"/>
		<thumbnail id="germany" cols="2" rows="2" x="2" y="2"/>
	</grid>
</indexModule>