<?xml version="1.0" encoding="UTF-8"?>
<mostlyText>
	<title useParent="title" />
	<text>
		<h2>Dr Michel FURIA</h2><!---->
		<img src="images/michel.jpg" />
		<p>Ancien Interne des Hôpitaux de Paris
<br/>
Ancien Chef de Clinique à la Faculté de Médecine de Paris
<br/>
Expert près la Cour d’Appel de Paris
<br/>
Responsable du Département d'Ophtalmologie
<br/>
Chirurgie Ophtalmologique
</p>
<br/><h2>Pr Henri MONDON</h2>
<p><img src="images/avatarm.jpg" />
<br/><br/><br/>
</p>
<br/><h2>Dr Jean-Yves AYACHE</h2>
<img src="images/avatarm.jpg" /><p>
<br/><br/><br/>
</p>
<br/><h2>Dr Anne JULIEN</h2>
<img src="images/avatarf.jpg" /><p>
<br/><br/><br/>
</p>
<br/><h2>Dr Patrick THERY</h2>
<img src="images/avatarm.jpg" /><p>
<br/><br/><br/>
</p>
<br/><h2>Dr Alain TAUVENT</h2>
<img src="images/avatarm.jpg" /><p>
<br/><br/><br/>
</p>
	<br/><h2>Dr Edwige LOISEAU</h2>
<img src="images/avatarf.jpg" /><p>
<br/><br/><br/>
</p>
<br/><h2>Dr Alice SERINGULIAN</h2>
<img src="images/avatarf.jpg" /><p>
<br/><br/><br/>
</p>
<br/><h2>Dr Michäela DONA</h2>
<img src="images/avatarf.jpg" /><p>
<br/><br/><br/>
</p>
<br/><h2>Mlle Arlette COHEN</h2>
<img src="images/arlette.jpg" /><p>
<br/><br/><br/>
</p>
<br/><h2>Mlle Audrey RODEAU</h2>
<img src="images/avatarf.jpg" /><p>
<br/><br/><br/>
</p>
<br/><h2>Mme Elisabeth SELLIER</h2>
<img src="images/avatarf.jpg" /><p>
<br/><br/><br/>
</p>
<br/><h2>Mme Sylvie LAIR</h2>
<img src="images/avatarf.jpg" /><p>
<br/><br/><br/>
</p>
<br/><h2>Mme Anne SAUVAGE</h2>
<img src="images/avatarf.jpg" /><p>
<br/><br/><br/>
</p>
<br/><h2>Mme Chantal TRANCHOT</h2>
<img src="images/avatarf.jpg" /><p>
<br/><br/><br/>
</p>
<br/><h2>Mlle Séverine HECQUET</h2>
<img src="images/avatarf.jpg" /><p>
<br/><br/><br/>
</p>
</text>
	<toc enabled="1" halign="right" valign="top" width="200" margin="20" tag="h2" marker="~~" heading="Notre équipe" headspace="3" padding="6" />
</mostlyText>