<?xml version="1.0" encoding="UTF-8"?>
<mostlyText>
	<title useParent="title" />
	
	<text>
	<p>This page has about 40k of text data in 40 paragraphs of text. This is quite a lot of text and probably much more than would be used in any real world situation. However, it gives you an idea of the amount of text the mbudm#001 template is able to handle.</p><br/>
	<br/><h3>Chapter 1</h3><br/><br/>
		<p><strong>Paragraph 1.</strong> This is a test page with a lot of data. This is a test page with a lot of data. This is a test page with a lot of data. This is a test page with a lot of data. This is a test page with a lot of data. This is a test page with a lot of data. This is a test page with a lot of data. This is a test page with a lot of data. This is a test page with a lot of data. This is a test page with a lot of data. This is a test page with a lot of data. This is a test page with a lot of data. This is a test page with a lot of data. This is a test page with a lot of data. This is a test page with a lot of data. This is a test page with a lot of data. This is a test page with a lot of data. This is a test page with a lot of data. This is a test page with a lot of data. This is a test page with a lot of data. This is a test page with a lot of data. This is a test page with a lot of data. This is a test page with a lot of data. This is a test page with a lot of data. This is a test page with a lot of data. This is a test page with a lot of data. This is a test page with a lot of data. This is a test page with a lot of data. This is a test page with a lot of data. This is a test page with a lot of data. This is a test page with a lot of data. This is a test page with a lot of data. This is a test page with a lot of data. This is a test page with a lot of data. This is a test page with a lot of data. This is a test page with a lot of data. This is a test page with a lot of data. This is a test page with a lot of data.</p><br/>
		<p><strong>Paragraph 2.</strong>  This is a test page with a lot of data. This is a test page with a lot of data. This is a test page with a lot of data. This is a test page with a lot of data. This is a test page with a lot of data. This is a test page with a lot of data. This is a test page with a lot of data. This is a test page with a lot of data. This is a test page with a lot of data. This is a test page with a lot of data. This is a test page with a lot of data. This is a test page with a lot of data. This is a test page with a lot of data. This is a test page with a lot of data. This is a test page with a lot of data. This is a test page with a lot of data. This is a test page with a lot of data. This is a test page with a lot of data. This is a test page with a lot of data. This is a test page with a lot of data. This is a test page with a lot of data. This is a test page with a lot of data. This is a test page with a lot of data. This is a test page with a lot of data.</p><br/>
		<p><strong>Paragraph 3.</strong>  This is a test page with a lot of data. This is a test page with a lot of data. This is a test page with a lot of data. This is a test page with a lot of data. This is a test page with a lot of data. This is a test page with a lot of data. This is a test page with a lot of data. This is a test page with a lot of data. This is a test page with a lot of data. This is a test page with a lot of data. This is a test page with a lot of data. This is a test page with a lot of data. This is a test page with a lot of data. This is a test page with a lot of data. This is a test page with a lot of data. This is a test page with a lot of data. This is a test page with a lot of data. This is a test page with a lot of data. This is a test page with a lot of data. This is a test page with a lot of data. This is a test page with a lot of data. This is a test page with a lot of data. </p><br/>
		<p><strong>Paragraph 4.</strong>  This is a test page with a lot of data. This is a test page with a lot of data. This is a test page with a lot of data. This is a test page with a lot of data. This is a test page with a lot of data. This is a test page with a lot of data. This is a test page with a lot of data. This is a test page with a lot of data. This is a test page with a lot of data. This is a test page with a lot of data. This is a test page with a lot of data. This is a test page with a lot of data. This is a test page with a lot of data. This is a test page with a lot of data. This is a test page with a lot of data. This is a test page with a lot of data. This is a test page with a lot of data. This is a test page with a lot of data. This is a test page with a lot of data. This is a test page with a lot of data. This is a test page with a lot of data. This is a test page with a lot of data. </p><br/>
		<p><strong>Paragraph 5.</strong>  This is a test page with a lot of data. This is a test page with a lot of data. This is a test page with a lot of data. This is a test page with a lot of data. This is a test page with a lot of data. This is a test page with a lot of data. This is a test page with a lot of data. This is a test page with a lot of data. This is a test page with a lot of data. This is a test page with a lot of data. This is a test page with a lot of data. This is a test page with a lot of data. This is a test page with a lot of data. This is a test page with a lot of data. This is a test page with a lot of data. This is a test page with a lot of data. This is a test page with a lot of data. This is a test page with a lot of data. This is a test page with a lot of data. This is a test page with a lot of data. This is a test page with a lot of data. This is a test page with a lot of data. </p><br/>
		<br/><br/><h3>Chapter 2</h3><br/><br/>
		<p><strong>Paragraph 6.</strong>  This is a test page with a lot of data. This is a test page with a lot of data. This is a test page with a lot of data. This is a test page with a lot of data. This is a test page with a lot of data. This is a test page with a lot of data. This is a test page with a lot of data. This is a test page with a lot of data. This is a test page with a lot of data. This is a test page with a lot of data. This is a test page with a lot of data. This is a test page with a lot of data. This is a test page with a lot of data. This is a test page with a lot of data. This is a test page with a lot of data. This is a test page with a lot of data. This is a test page with a lot of data. This is a test page with a lot of data. This is a test page with a lot of data. This is a test page with a lot of data. This is a test page with a lot of data. This is a test page with a lot of data. </p><br/>
		<p><strong>Paragraph 7.</strong>  This is a test page with a lot of data. This is a test page with a lot of data. This is a test page with a lot of data. This is a test page with a lot of data. This is a test page with a lot of data. This is a test page with a lot of data. This is a test page with a lot of data. This is a test page with a lot of data. This is a test page with a lot of data. This is a test page with a lot of data. This is a test page with a lot of data. This is a test page with a lot of data. This is a test page with a lot of data. This is a test page with a lot of data. This is a test page with a lot of data. This is a test page with a lot of data. This is a test page with a lot of data. This is a test page with a lot of data. This is a test page with a lot of data. This is a test page with a lot of data. This is a test page with a lot of data. This is a test page with a lot of data. </p><br/>
		<p><strong>Paragraph 8.</strong>  This is a test page with a lot of data. This is a test page with a lot of data. This is a test page with a lot of data. This is a test page with a lot of data. This is a test page with a lot of data. This is a test page with a lot of data. This is a test page with a lot of data. This is a test page with a lot of data. This is a test page with a lot of data. This is a test page with a lot of data. This is a test page with a lot of data. This is a test page with a lot of data. This is a test page with a lot of data. This is a test page with a lot of data. This is a test page with a lot of data. This is a test page with a lot of data. This is a test page with a lot of data. This is a test page with a lot of data. This is a test page with a lot of data. This is a test page with a lot of data. This is a test page with a lot of data. This is a test page with a lot of data. </p><br/>
		<p><strong>Paragraph 9.</strong>  This is a test page with a lot of data. This is a test page with a lot of data. This is a test page with a lot of data. This is a test page with a lot of data. This is a test page with a lot of data. This is a test page with a lot of data. This is a test page with a lot of data. This is a test page with a lot of data. This is a test page with a lot of data. This is a test page with a lot of data. This is a test page with a lot of data. This is a test page with a lot of data. This is a test page with a lot of data. This is a test page with a lot of data. This is a test page with a lot of data. This is a test page with a lot of data. This is a test page with a lot of data. This is a test page with a lot of data. This is a test page with a lot of data. This is a test page with a lot of data. This is a test page with a lot of data. This is a test page with a lot of data. </p><br/>
		<p><strong>Paragraph 10.</strong>  This is a test page with a lot of data. This is a test page with a lot of data. This is a test page with a lot of data. This is a test page with a lot of data. This is a test page with a lot of data. This is a test page with a lot of data. This is a test page with a lot of data. This is a test page with a lot of data. This is a test page with a lot of data. This is a test page with a lot of data. This is a test page with a lot of data. This is a test page with a lot of data. This is a test page with a lot of data. This is a test page with a lot of data. This is a test page with a lot of data. This is a test page with a lot of data. This is a test page with a lot of data. This is a test page with a lot of data. This is a test page with a lot of data. This is a test page with a lot of data. This is a test page with a lot of data. This is a test page with a lot of data. </p><br/>
		<br/><br/><h3>Chapter 3</h3><br/><br/>
		<p><strong>Paragraph 11.</strong>  This is a test page with a lot of data. This is a test page with a lot of data. This is a test page with a lot of data. This is a test page with a lot of data. This is a test page with a lot of data. This is a test page with a lot of data. This is a test page with a lot of data. This is a test page with a lot of data. This is a test page with a lot of data. This is a test page with a lot of data. This is a test page with a lot of data. This is a test page with a lot of data. This is a test page with a lot of data. This is a test page with a lot of data. This is a test page with a lot of data. This is a test page with a lot of data. This is a test page with a lot of data. This is a test page with a lot of data. This is a test page with a lot of data. This is a test page with a lot of data. This is a test page with a lot of data. This is a test page with a lot of data. </p><br/>
		<p><strong>Paragraph 12.</strong>  This is a test page with a lot of data. This is a test page with a lot of data. This is a test page with a lot of data. This is a test page with a lot of data. This is a test page with a lot of data. This is a test page with a lot of data. This is a test page with a lot of data. This is a test page with a lot of data. This is a test page with a lot of data. This is a test page with a lot of data. This is a test page with a lot of data. This is a test page with a lot of data. This is a test page with a lot of data. This is a test page with a lot of data. This is a test page with a lot of data. This is a test page with a lot of data. This is a test page with a lot of data. This is a test page with a lot of data. This is a test page with a lot of data. This is a test page with a lot of data. This is a test page with a lot of data. This is a test page with a lot of data. </p><br/>
		<p><strong>Paragraph 13.</strong>  This is a test page with a lot of data. This is a test page with a lot of data. This is a test page with a lot of data. This is a test page with a lot of data. This is a test page with a lot of data. This is a test page with a lot of data. This is a test page with a lot of data. This is a test page with a lot of data. This is a test page with a lot of data. This is a test page with a lot of data. This is a test page with a lot of data. This is a test page with a lot of data. This is a test page with a lot of data. This is a test page with a lot of data. This is a test page with a lot of data. This is a test page with a lot of data. This is a test page with a lot of data. This is a test page with a lot of data. This is a test page with a lot of data. This is a test page with a lot of data. This is a test page with a lot of data. This is a test page with a lot of data. </p><br/>
		<p><strong>Paragraph 14.</strong>  This is a test page with a lot of data. This is a test page with a lot of data. This is a test page with a lot of data. This is a test page with a lot of data. This is a test page with a lot of data. This is a test page with a lot of data. This is a test page with a lot of data. This is a test page with a lot of data. This is a test page with a lot of data. This is a test page with a lot of data. This is a test page with a lot of data. This is a test page with a lot of data. This is a test page with a lot of data. This is a test page with a lot of data. This is a test page with a lot of data. This is a test page with a lot of data. This is a test page with a lot of data. This is a test page with a lot of data. This is a test page with a lot of data. This is a test page with a lot of data. This is a test page with a lot of data. This is a test page with a lot of data. </p><br/>
		<p><strong>Paragraph 15.</strong>  This is a test page with a lot of data. This is a test page with a lot of data. This is a test page with a lot of data. This is a test page with a lot of data. This is a test page with a lot of data. This is a test page with a lot of data. This is a test page with a lot of data. This is a test page with a lot of data. This is a test page with a lot of data. This is a test page with a lot of data. This is a test page with a lot of data. This is a test page with a lot of data. This is a test page with a lot of data. This is a test page with a lot of data. This is a test page with a lot of data. This is a test page with a lot of data. This is a test page with a lot of data. This is a test page with a lot of data. This is a test page with a lot of data. This is a test page with a lot of data. This is a test page with a lot of data. This is a test page with a lot of data. </p><br/>
		<br/><br/><h3>Chapter 4</h3><br/><br/>
		<p><strong>Paragraph 16.</strong>  This is a test page with a lot of data. This is a test page with a lot of data. This is a test page with a lot of data. This is a test page with a lot of data. This is a test page with a lot of data. This is a test page with a lot of data. This is a test page with a lot of data. This is a test page with a lot of data. This is a test page with a lot of data. This is a test page with a lot of data. This is a test page with a lot of data. This is a test page with a lot of data. This is a test page with a lot of data. This is a test page with a lot of data. This is a test page with a lot of data. This is a test page with a lot of data. This is a test page with a lot of data. This is a test page with a lot of data. This is a test page with a lot of data. This is a test page with a lot of data. This is a test page with a lot of data. This is a test page with a lot of data. </p><br/>
		<p><strong>Paragraph 17.</strong>  This is a test page with a lot of data. This is a test page with a lot of data. This is a test page with a lot of data. This is a test page with a lot of data. This is a test page with a lot of data. This is a test page with a lot of data. This is a test page with a lot of data. This is a test page with a lot of data. This is a test page with a lot of data. This is a test page with a lot of data. This is a test page with a lot of data. This is a test page with a lot of data. This is a test page with a lot of data. This is a test page with a lot of data. This is a test page with a lot of data. This is a test page with a lot of data. This is a test page with a lot of data. This is a test page with a lot of data. This is a test page with a lot of data. This is a test page with a lot of data. This is a test page with a lot of data. This is a test page with a lot of data. </p><br/>
		<p><strong>Paragraph 18.</strong>  This is a test page with a lot of data. This is a test page with a lot of data. This is a test page with a lot of data. This is a test page with a lot of data. This is a test page with a lot of data. This is a test page with a lot of data. This is a test page with a lot of data. This is a test page with a lot of data. This is a test page with a lot of data. This is a test page with a lot of data. This is a test page with a lot of data. This is a test page with a lot of data. This is a test page with a lot of data. This is a test page with a lot of data. This is a test page with a lot of data. This is a test page with a lot of data. This is a test page with a lot of data. This is a test page with a lot of data. This is a test page with a lot of data. This is a test page with a lot of data. This is a test page with a lot of data. This is a test page with a lot of data. </p><br/>
		<p><strong>Paragraph 19.</strong>  This is a test page with a lot of data. This is a test page with a lot of data. This is a test page with a lot of data. This is a test page with a lot of data. This is a test page with a lot of data. This is a test page with a lot of data. This is a test page with a lot of data. This is a test page with a lot of data. This is a test page with a lot of data. This is a test page with a lot of data. This is a test page with a lot of data. This is a test page with a lot of data. This is a test page with a lot of data. This is a test page with a lot of data. This is a test page with a lot of data. This is a test page with a lot of data. This is a test page with a lot of data. This is a test page with a lot of data. This is a test page with a lot of data. This is a test page with a lot of data. This is a test page with a lot of data. This is a test page with a lot of data. </p><br/>
		<p><strong>Paragraph 20.</strong>  This is a test page with a lot of data. This is a test page with a lot of data. This is a test page with a lot of data. This is a test page with a lot of data. This is a test page with a lot of data. This is a test page with a lot of data. This is a test page with a lot of data. This is a test page with a lot of data. This is a test page with a lot of data. This is a test page with a lot of data. This is a test page with a lot of data. This is a test page with a lot of data. This is a test page with a lot of data. This is a test page with a lot of data. This is a test page with a lot of data. This is a test page with a lot of data. This is a test page with a lot of data. This is a test page with a lot of data. This is a test page with a lot of data. This is a test page with a lot of data. This is a test page with a lot of data. This is a test page with a lot of data. </p><br/>
		<br/><br/><h3>Chapter 5</h3><br/><br/>
		<p><strong>Paragraph 21.</strong> This is a test page with a lot of data. This is a test page with a lot of data. This is a test page with a lot of data. This is a test page with a lot of data. This is a test page with a lot of data. This is a test page with a lot of data. This is a test page with a lot of data. This is a test page with a lot of data. This is a test page with a lot of data. This is a test page with a lot of data. This is a test page with a lot of data. This is a test page with a lot of data. This is a test page with a lot of data. This is a test page with a lot of data. This is a test page with a lot of data. This is a test page with a lot of data. This is a test page with a lot of data. This is a test page with a lot of data. This is a test page with a lot of data. This is a test page with a lot of data. This is a test page with a lot of data. This is a test page with a lot of data. This is a test page with a lot of data. This is a test page with a lot of data. This is a test page with a lot of data. This is a test page with a lot of data. This is a test page with a lot of data. This is a test page with a lot of data. This is a test page with a lot of data. This is a test page with a lot of data. This is a test page with a lot of data. This is a test page with a lot of data. This is a test page with a lot of data. This is a test page with a lot of data. This is a test page with a lot of data. This is a test page with a lot of data. This is a test page with a lot of data. This is a test page with a lot of data.</p><br/>
		<p><strong>Paragraph 22.</strong>  This is a test page with a lot of data. This is a test page with a lot of data. This is a test page with a lot of data. This is a test page with a lot of data. This is a test page with a lot of data. This is a test page with a lot of data. This is a test page with a lot of data. This is a test page with a lot of data. This is a test page with a lot of data. This is a test page with a lot of data. This is a test page with a lot of data. This is a test page with a lot of data. This is a test page with a lot of data. This is a test page with a lot of data. This is a test page with a lot of data. This is a test page with a lot of data. This is a test page with a lot of data. This is a test page with a lot of data. This is a test page with a lot of data. This is a test page with a lot of data. This is a test page with a lot of data. This is a test page with a lot of data. This is a test page with a lot of data. This is a test page with a lot of data.</p><br/>
		<p><strong>Paragraph 23.</strong>  This is a test page with a lot of data. This is a test page with a lot of data. This is a test page with a lot of data. This is a test page with a lot of data. This is a test page with a lot of data. This is a test page with a lot of data. This is a test page with a lot of data. This is a test page with a lot of data. This is a test page with a lot of data. This is a test page with a lot of data. This is a test page with a lot of data. This is a test page with a lot of data. This is a test page with a lot of data. This is a test page with a lot of data. This is a test page with a lot of data. This is a test page with a lot of data. This is a test page with a lot of data. This is a test page with a lot of data. This is a test page with a lot of data. This is a test page with a lot of data. This is a test page with a lot of data. This is a test page with a lot of data. </p><br/>
		<p><strong>Paragraph 24.</strong>  This is a test page with a lot of data. This is a test page with a lot of data. This is a test page with a lot of data. This is a test page with a lot of data. This is a test page with a lot of data. This is a test page with a lot of data. This is a test page with a lot of data. This is a test page with a lot of data. This is a test page with a lot of data. This is a test page with a lot of data. This is a test page with a lot of data. This is a test page with a lot of data. This is a test page with a lot of data. This is a test page with a lot of data. This is a test page with a lot of data. This is a test page with a lot of data. This is a test page with a lot of data. This is a test page with a lot of data. This is a test page with a lot of data. This is a test page with a lot of data. This is a test page with a lot of data. This is a test page with a lot of data. </p><br/>
		<p><strong>Paragraph 25.</strong>  This is a test page with a lot of data. This is a test page with a lot of data. This is a test page with a lot of data. This is a test page with a lot of data. This is a test page with a lot of data. This is a test page with a lot of data. This is a test page with a lot of data. This is a test page with a lot of data. This is a test page with a lot of data. This is a test page with a lot of data. This is a test page with a lot of data. This is a test page with a lot of data. This is a test page with a lot of data. This is a test page with a lot of data. This is a test page with a lot of data. This is a test page with a lot of data. This is a test page with a lot of data. This is a test page with a lot of data. This is a test page with a lot of data. This is a test page with a lot of data. This is a test page with a lot of data. This is a test page with a lot of data. </p><br/>
		<br/><br/><h3>Chapter 6</h3><br/><br/>
		<p><strong>Paragraph 26.</strong>  This is a test page with a lot of data. This is a test page with a lot of data. This is a test page with a lot of data. This is a test page with a lot of data. This is a test page with a lot of data. This is a test page with a lot of data. This is a test page with a lot of data. This is a test page with a lot of data. This is a test page with a lot of data. This is a test page with a lot of data. This is a test page with a lot of data. This is a test page with a lot of data. This is a test page with a lot of data. This is a test page with a lot of data. This is a test page with a lot of data. This is a test page with a lot of data. This is a test page with a lot of data. This is a test page with a lot of data. This is a test page with a lot of data. This is a test page with a lot of data. This is a test page with a lot of data. This is a test page with a lot of data. </p><br/>
		<p><strong>Paragraph 27.</strong>  This is a test page with a lot of data. This is a test page with a lot of data. This is a test page with a lot of data. This is a test page with a lot of data. This is a test page with a lot of data. This is a test page with a lot of data. This is a test page with a lot of data. This is a test page with a lot of data. This is a test page with a lot of data. This is a test page with a lot of data. This is a test page with a lot of data. This is a test page with a lot of data. This is a test page with a lot of data. This is a test page with a lot of data. This is a test page with a lot of data. This is a test page with a lot of data. This is a test page with a lot of data. This is a test page with a lot of data. This is a test page with a lot of data. This is a test page with a lot of data. This is a test page with a lot of data. This is a test page with a lot of data. </p><br/>
		<p><strong>Paragraph 28.</strong>  This is a test page with a lot of data. This is a test page with a lot of data. This is a test page with a lot of data. This is a test page with a lot of data. This is a test page with a lot of data. This is a test page with a lot of data. This is a test page with a lot of data. This is a test page with a lot of data. This is a test page with a lot of data. This is a test page with a lot of data. This is a test page with a lot of data. This is a test page with a lot of data. This is a test page with a lot of data. This is a test page with a lot of data. This is a test page with a lot of data. This is a test page with a lot of data. This is a test page with a lot of data. This is a test page with a lot of data. This is a test page with a lot of data. This is a test page with a lot of data. This is a test page with a lot of data. This is a test page with a lot of data. </p><br/>
		<p><strong>Paragraph 29.</strong>  This is a test page with a lot of data. This is a test page with a lot of data. This is a test page with a lot of data. This is a test page with a lot of data. This is a test page with a lot of data. This is a test page with a lot of data. This is a test page with a lot of data. This is a test page with a lot of data. This is a test page with a lot of data. This is a test page with a lot of data. This is a test page with a lot of data. This is a test page with a lot of data. This is a test page with a lot of data. This is a test page with a lot of data. This is a test page with a lot of data. This is a test page with a lot of data. This is a test page with a lot of data. This is a test page with a lot of data. This is a test page with a lot of data. This is a test page with a lot of data. This is a test page with a lot of data. This is a test page with a lot of data. </p><br/>
		<p><strong>Paragraph 30.</strong>  This is a test page with a lot of data. This is a test page with a lot of data. This is a test page with a lot of data. This is a test page with a lot of data. This is a test page with a lot of data. This is a test page with a lot of data. This is a test page with a lot of data. This is a test page with a lot of data. This is a test page with a lot of data. This is a test page with a lot of data. This is a test page with a lot of data. This is a test page with a lot of data. This is a test page with a lot of data. This is a test page with a lot of data. This is a test page with a lot of data. This is a test page with a lot of data. This is a test page with a lot of data. This is a test page with a lot of data. This is a test page with a lot of data. This is a test page with a lot of data. This is a test page with a lot of data. This is a test page with a lot of data. </p><br/>
		<br/><br/><h3>Chapter 7</h3><br/><br/>
		<p><strong>Paragraph 31.</strong>  This is a test page with a lot of data. This is a test page with a lot of data. This is a test page with a lot of data. This is a test page with a lot of data. This is a test page with a lot of data. This is a test page with a lot of data. This is a test page with a lot of data. This is a test page with a lot of data. This is a test page with a lot of data. This is a test page with a lot of data. This is a test page with a lot of data. This is a test page with a lot of data. This is a test page with a lot of data. This is a test page with a lot of data. This is a test page with a lot of data. This is a test page with a lot of data. This is a test page with a lot of data. This is a test page with a lot of data. This is a test page with a lot of data. This is a test page with a lot of data. This is a test page with a lot of data. This is a test page with a lot of data. </p><br/>
		<p><strong>Paragraph 32.</strong>  This is a test page with a lot of data. This is a test page with a lot of data. This is a test page with a lot of data. This is a test page with a lot of data. This is a test page with a lot of data. This is a test page with a lot of data. This is a test page with a lot of data. This is a test page with a lot of data. This is a test page with a lot of data. This is a test page with a lot of data. This is a test page with a lot of data. This is a test page with a lot of data. This is a test page with a lot of data. This is a test page with a lot of data. This is a test page with a lot of data. This is a test page with a lot of data. This is a test page with a lot of data. This is a test page with a lot of data. This is a test page with a lot of data. This is a test page with a lot of data. This is a test page with a lot of data. This is a test page with a lot of data. </p><br/>
		<p><strong>Paragraph 33.</strong>  This is a test page with a lot of data. This is a test page with a lot of data. This is a test page with a lot of data. This is a test page with a lot of data. This is a test page with a lot of data. This is a test page with a lot of data. This is a test page with a lot of data. This is a test page with a lot of data. This is a test page with a lot of data. This is a test page with a lot of data. This is a test page with a lot of data. This is a test page with a lot of data. This is a test page with a lot of data. This is a test page with a lot of data. This is a test page with a lot of data. This is a test page with a lot of data. This is a test page with a lot of data. This is a test page with a lot of data. This is a test page with a lot of data. This is a test page with a lot of data. This is a test page with a lot of data. This is a test page with a lot of data. </p><br/>
		<p><strong>Paragraph 34.</strong>  This is a test page with a lot of data. This is a test page with a lot of data. This is a test page with a lot of data. This is a test page with a lot of data. This is a test page with a lot of data. This is a test page with a lot of data. This is a test page with a lot of data. This is a test page with a lot of data. This is a test page with a lot of data. This is a test page with a lot of data. This is a test page with a lot of data. This is a test page with a lot of data. This is a test page with a lot of data. This is a test page with a lot of data. This is a test page with a lot of data. This is a test page with a lot of data. This is a test page with a lot of data. This is a test page with a lot of data. This is a test page with a lot of data. This is a test page with a lot of data. This is a test page with a lot of data. This is a test page with a lot of data. </p><br/>
		<p><strong>Paragraph 35.</strong>  This is a test page with a lot of data. This is a test page with a lot of data. This is a test page with a lot of data. This is a test page with a lot of data. This is a test page with a lot of data. This is a test page with a lot of data. This is a test page with a lot of data. This is a test page with a lot of data. This is a test page with a lot of data. This is a test page with a lot of data. This is a test page with a lot of data. This is a test page with a lot of data. This is a test page with a lot of data. This is a test page with a lot of data. This is a test page with a lot of data. This is a test page with a lot of data. This is a test page with a lot of data. This is a test page with a lot of data. This is a test page with a lot of data. This is a test page with a lot of data. This is a test page with a lot of data. This is a test page with a lot of data. </p><br/>
		<br/><br/><h3>Chapter 8</h3><br/><br/>
		<p><strong>Paragraph 36.</strong>  This is a test page with a lot of data. This is a test page with a lot of data. This is a test page with a lot of data. This is a test page with a lot of data. This is a test page with a lot of data. This is a test page with a lot of data. This is a test page with a lot of data. This is a test page with a lot of data. This is a test page with a lot of data. This is a test page with a lot of data. This is a test page with a lot of data. This is a test page with a lot of data. This is a test page with a lot of data. This is a test page with a lot of data. This is a test page with a lot of data. This is a test page with a lot of data. This is a test page with a lot of data. This is a test page with a lot of data. This is a test page with a lot of data. This is a test page with a lot of data. This is a test page with a lot of data. This is a test page with a lot of data. </p><br/>
		<p><strong>Paragraph 37.</strong>  This is a test page with a lot of data. This is a test page with a lot of data. This is a test page with a lot of data. This is a test page with a lot of data. This is a test page with a lot of data. This is a test page with a lot of data. This is a test page with a lot of data. This is a test page with a lot of data. This is a test page with a lot of data. This is a test page with a lot of data. This is a test page with a lot of data. This is a test page with a lot of data. This is a test page with a lot of data. This is a test page with a lot of data. This is a test page with a lot of data. This is a test page with a lot of data. This is a test page with a lot of data. This is a test page with a lot of data. This is a test page with a lot of data. This is a test page with a lot of data. This is a test page with a lot of data. This is a test page with a lot of data. </p><br/>
		<p><strong>Paragraph 38.</strong>  This is a test page with a lot of data. This is a test page with a lot of data. This is a test page with a lot of data. This is a test page with a lot of data. This is a test page with a lot of data. This is a test page with a lot of data. This is a test page with a lot of data. This is a test page with a lot of data. This is a test page with a lot of data. This is a test page with a lot of data. This is a test page with a lot of data. This is a test page with a lot of data. This is a test page with a lot of data. This is a test page with a lot of data. This is a test page with a lot of data. This is a test page with a lot of data. This is a test page with a lot of data. This is a test page with a lot of data. This is a test page with a lot of data. This is a test page with a lot of data. This is a test page with a lot of data. This is a test page with a lot of data. </p><br/>
		<p><strong>Paragraph 39.</strong>  This is a test page with a lot of data. This is a test page with a lot of data. This is a test page with a lot of data. This is a test page with a lot of data. This is a test page with a lot of data. This is a test page with a lot of data. This is a test page with a lot of data. This is a test page with a lot of data. This is a test page with a lot of data. This is a test page with a lot of data. This is a test page with a lot of data. This is a test page with a lot of data. This is a test page with a lot of data. This is a test page with a lot of data. This is a test page with a lot of data. This is a test page with a lot of data. This is a test page with a lot of data. This is a test page with a lot of data. This is a test page with a lot of data. This is a test page with a lot of data. This is a test page with a lot of data. This is a test page with a lot of data. </p><br/>
		<p><strong>Paragraph 40.</strong>  This is a test page with a lot of data. This is a test page with a lot of data. This is a test page with a lot of data. This is a test page with a lot of data. This is a test page with a lot of data. This is a test page with a lot of data. This is a test page with a lot of data. This is a test page with a lot of data. This is a test page with a lot of data. This is a test page with a lot of data. This is a test page with a lot of data. This is a test page with a lot of data. This is a test page with a lot of data. This is a test page with a lot of data. This is a test page with a lot of data. This is a test page with a lot of data. This is a test page with a lot of data. This is a test page with a lot of data. This is a test page with a lot of data. This is a test page with a lot of data. This is a test page with a lot of data. This is a test page with a lot of data. </p><br/>
	</text>
	<toc enabled="1" halign="left" valign="top" width="100" margin="20" tag="h3" marker="~~" heading="Chapter list" headspace="3" padding="6" />
</mostlyText>